pe_ctx,w_normalized,h_values,d_eff,n_eff
1.0377032168799724e-05,18.654461360788762,-5.761655003125275,6.18008540664884,6.467976736118218
1.0377032168799724e-05,20.863684920709936,-5.6320066805568905,5.615225264189128,6.748710434266712
1.0377032168799724e-05,12.712046657899805,-5.528751314503742,13.632749357547686,4.271466351622872
1.0377032168799724e-05,12.38491077214903,-5.623231872256222,14.073847062031856,3.48078060436042
1.0377032168799724e-05,12.86682052714778,-5.740902789734746,12.637595626450079,6.300431991468269
1.0377032168799724e-05,12.097753218154798,-5.615479767170859,12.72243973675831,6.25528491230191
1.0377032168799724e-05,12.40478774623169,-5.63478182930962,13.207178470756048,3.806536168077153
1.0377032168799724e-05,11.704625522585182,-5.7443639319597,13.105200230068743,3.5983033467922487
1.0377032168799724e-05,15.405464976317232,-5.5633965908775815,8.699100897437159,3.7331941511025524
1.0377032168799724e-05,13.794440195446905,-5.9244577085768615,10.256757583798827,4.5870310697883845
1.0377032168799724e-05,12.45166427270411,-5.685061926698062,14.399409560113238,4.686725199642586
1.0377032168799724e-05,16.860218311935295,-5.613548861699436,7.420850193830302,3.7389813095164675
1.0377032168799724e-05,11.58512426531306,-5.633140345868254,14.78710533042597,3.3409690495778355
1.0377032168799724e-05,12.40841374979493,-5.522742510120869,13.591796926033656,3.820784649230377
1.0377032168799724e-05,19.3359002215206,-5.623996995645467,5.7180268883582706,4.083114830448377
1.0377032168799724e-05,15.170387848634299,-5.619860763494543,10.54490089662913,5.3216297136706965
1.0377032168799724e-05,17.713035326270482,-5.686473150086931,6.502622301499025,3.859726849447489
1.0377032168799724e-05,10.863529043638374,-5.663930599043162,13.365274802786523,5.382384572096605
1.0377032168799724e-05,12.768708432640071,-5.6868666183718695,13.916726653358134,6.69636771426198
1.0377032168799724e-05,12.813269332591055,-5.577242342449775,12.326908308064485,4.679194510756087
1.0377032168799724e-05,12.136141513026045,-5.442682444778849,13.510866214313426,3.975258913165471
1.0377032168799724e-05,20.321883480800913,-5.840816374279043,5.65811516261495,4.756352583248324
1.0377032168799724e-05,17.722198189469534,-5.631839356877448,8.154396435945161,5.312308974804816
1.0377032168799724e-05,19.816253041630965,-5.570789942800665,5.694941041547659,3.3432521227162186
1.0377032168799724e-05,15.770399555465445,-5.488413009511151,6.615243528836752,6.584403280403964
1.0377032168799724e-05,17.31838305298416,-5.701084749656144,6.621545499928706,5.922860660667306
1.0377032168799724e-05,13.578353649923189,-5.621072148934456,10.27136700156378,6.903805016953267
1.0377032168799724e-05,13.167587135677973,-5.732675651871105,10.761344249106834,6.726922869792109
1.0377032168799724e-05,14.925272468426982,-5.800473227415728,8.032425116314204,4.7831009268496905
1.0377032168799724e-05,12.744544054625646,-5.665400628682481,13.968286346557843,3.979724835682555
1.0377032168799724e-05,15.467606273202062,-5.603640763720944,9.014386639620637,3.3577293739728185
1.0377032168799724e-05,16.0210781677204,-5.709828584230639,8.04138769415033,6.754110113685581
1.0377032168799724e-05,13.891718424054398,-5.729900054088871,11.890122627166583,3.1764342231596405
1.0377032168799724e-05,13.480526786556352,-5.615724814505685,12.335521318949976,5.042873472575007
1.0377032168799724e-05,12.363848585678326,-5.699384430280023,14.57846834447534,5.443993193500258
1.0377032168799724e-05,18.839124710755403,-5.615713027662395,6.1943068017083505,4.070508576705004
1.0377032168799724e-05,14.268503049877463,-5.656330793140883,10.17220776263709,4.830571089732031
1.0377032168799724e-05,13.213154260397053,-5.678034615612701,13.112138018594662,3.178816763303307
1.0377032168799724e-05,16.478161596443208,-5.578208201080761,7.6712819411079405,3.5242325001842087
1.0377032168799724e-05,10.586483059561173,-5.594965915626492,14.550168847782944,4.321647315809724
1.0377032168799724e-05,12.390993375134146,-5.5884414574199575,13.267052845412648,3.527132797146528
1.0377032168799724e-05,20.230079155167566,-5.597853629824082,5.102034258119926,6.370351903032233
1.0377032168799724e-05,12.120766959549675,-5.582896030354735,12.458272869835191,6.388846722851285
1.0377032168799724e-05,16.997124368694383,-5.627081982172171,7.332374151806086,5.313276055097349
1.0377032168799724e-05,13.758050816498939,-5.588809172466367,12.041982558295349,6.2451671848322565
1.0377032168799724e-05,15.174486412755964,-5.61810965889508,10.46811169652688,3.0957963102981645
1.0377032168799724e-05,14.105867879498218,-5.576836176703876,10.286403391029612,3.815503003153281
1.0377032168799724e-05,16.10746835791462,-5.566942555049374,7.683843827260082,3.189739700230729
1.0377032168799724e-05,16.90872116671604,-5.4405818034728135,6.268579924577492,6.3670090515343905
1.0377032168799724e-05,14.111661420784097,-5.593558861561402,11.2663397198306,4.521651202479722
1.0377032168799724e-05,16.867257234723635,-5.529125341819598,7.591996053354944,4.434960659812081
1.0377032168799724e-05,13.469889525594002,-5.587792371947412,10.04060766465406,6.110272536912312
1.0377032168799724e-05,16.178617952928825,-5.5911412584691,7.014887197768917,4.396640698831586
1.0377032168799724e-05,12.825561595985592,-5.731959573469597,11.926750743084384,6.241663479276427
1.0377032168799724e-05,14.869662480069902,-5.64588007955972,10.450118892141555,3.592460050604018
1.0377032168799724e-05,20.10879336846799,-5.6075839015446425,6.519473729714715,5.231202968072513
1.0377032168799724e-05,12.939068392632104,-5.574188520041457,11.88071279212583,6.047765526150818
1.0377032168799724e-05,15.465971240488644,-5.704312465495556,8.209990743125905,3.084835504395637
1.0377032168799724e-05,19.192809654703694,-5.433986219885793,5.760249376112785,6.062207998846742
1.0377032168799724e-05,11.62848240176868,-5.570444874564523,14.168427678068046,6.599812030818013
1.0377032168799724e-05,14.350845806868405,-5.484076531509272,10.415081538974196,4.056014500130289
1.0377032168799724e-05,14.901105616613512,-5.662863635022082,9.28796600381343,3.307162230256902
1.0377032168799724e-05,14.451670211358154,-5.459073255676184,9.92855470184709,3.9334999020741774
1.0377032168799724e-05,13.200170916655763,-5.6471250430780815,11.897470611294622,6.007787912654978
1.0377032168799724e-05,13.527835613548334,-5.796447417160691,12.230592452520419,3.1553614271576738
1.0377032168799724e-05,12.763394531371093,-5.826353868230036,14.299780261065287,4.709079010022943
1.0377032168799724e-05,12.867037676130794,-5.832115307021688,13.235993547070347,4.8689609085076055
1.0377032168799724e-05,11.50984036953734,-5.475918717373505,13.447763311251133,5.3850244765300115
1.0377032168799724e-05,13.915294945963954,-5.737831337204755,11.523728955042742,5.462755725784342
1.0377032168799724e-05,13.518233282756508,-5.3497616660721095,13.387624266055504,5.496212279379238
1.0377032168799724e-05,14.256148516777067,-5.4614586649486965,8.393516125163213,6.383642446710455
1.0377032168799724e-05,17.983012390445555,-5.76750557267303,6.640153782514582,4.155001433139119
1.0377032168799724e-05,13.008078945547073,-5.397671767613123,13.862821784961405,5.391195922972314
1.0377032168799724e-05,13.854267205449656,-5.741352348161455,10.168909001361111,4.875539884122402
1.0377032168799724e-05,13.297817769994559,-5.662041277336677,10.40385233156415,4.677707964301284
1.0377032168799724e-05,12.605273729938272,-5.648384068301051,12.876537737814825,4.958491883416569
1.0377032168799724e-05,11.40735919296735,-5.597181580757525,14.188671854818322,4.601433734574954
1.0377032168799724e-05,19.068654031255658,-5.4777236834396374,5.513061985765245,3.740331628992201
1.0377032168799724e-05,12.025263613065281,-5.517033697079434,14.72603934645804,6.2422181788693605
1.0377032168799724e-05,13.91034608702613,-5.655132602844531,11.461192309589682,3.5448420303358614
1.0377032168799724e-05,13.814712392638759,-5.635730178988256,12.690863528224027,5.007284236387928
1.0377032168799724e-05,15.580696550940166,-5.640747941185759,8.341168159759977,3.269397914928474
1.0377032168799724e-05,11.269006010481167,-5.746750901661805,14.778343806630366,4.640423362478769
1.0377032168799724e-05,13.795364696434712,-5.7983180642283045,12.316918162563084,4.908380298185799
1.0377032168799724e-05,16.53187776787775,-5.710618365604698,7.363460622149738,4.6982652393841065
1.0377032168799724e-05,14.18064879084787,-5.680221603561756,8.643616307166464,6.7439069798662175
1.0377032168799724e-05,15.365806539111748,-5.712098515170381,8.390181370782162,5.70993501262576
1.0377032168799724e-05,13.846514407670242,-5.781866942105027,11.246001233540408,4.278238864383926
1.0377032168799724e-05,14.55456722797665,-5.563283807620412,10.553236375207993,5.241876298144627
1.0377032168799724e-05,15.213884690416904,-5.832195157545582,9.65637743955331,3.615943949697126
1.0377032168799724e-05,15.394904908207785,-5.558855225656714,8.230201481723832,3.725417370164251
1.0377032168799724e-05,15.927653543759744,-5.752485535814713,7.037935716021374,4.769091914270145
1.0377032168799724e-05,13.855674585198065,-5.794113314371425,11.555449549721244,5.914703096640049
1.0377032168799724e-05,14.751459302918247,-5.801181160845689,10.417533201072981,5.241178405802364
1.0377032168799724e-05,12.002320149956244,-5.627032875571954,14.051610843834817,5.420108486216014
1.0377032168799724e-05,11.647877738010061,-5.6078015608355205,14.995710667511243,6.054805145744501
1.0377032168799724e-05,12.90131187707762,-5.648439812567457,13.659258278894033,4.490208570565538
1.0377032168799724e-05,17.816608812250383,-5.485347627990754,6.441087508822493,4.213128889654766
1.0377032168799724e-05,18.119472544446236,-5.648480708800164,6.24584129720486,5.465227026888501
1.0377032168799724e-05,15.028213680102853,-5.694792359994708,9.504267022682543,5.201237541310007
0.0054954674954674956,2.1289248984373423,-1.365474756100858,8.247061104011854,6.671569235192812
0.0054954674954674956,1.6626675184878705,-1.5380764672063414,11.383131722319048,6.055371680485321
0.0054954674954674956,2.0277606152272507,-1.3832636910132872,6.914162695493492,4.182702436638424
0.0054954674954674956,1.582593217245464,-1.5125006330388144,13.837883674743551,3.9646401794098094
0.0054954674954674956,1.6169707660176578,-1.3385979791253504,10.576740852177242,6.351412705939293
0.0054954674954674956,1.4674265483081321,-1.4870671064410559,13.200319478004745,3.18691158155038
0.0054954674954674956,2.109829915503518,-1.37786838366994,6.439707401714591,5.9210943554464555
0.0054954674954674956,2.231894631813338,-1.3272607757427521,6.441999913106264,4.49675826969248
0.0054954674954674956,1.7758750313530531,-1.2243821968538304,11.491169920315368,3.2836658154252065
0.0054954674954674956,2.5309677576712777,-1.5412092499440888,5.21939686789211,3.7485409836283794
0.0054954674954674956,1.8554957945462143,-1.3906786357927352,11.144477054649432,4.638128554908391
0.0054954674954674956,2.3250782128576897,-1.2832943958163576,5.849963911837481,3.853596879304358
0.0054954674954674956,1.6365810079201113,-1.3632719954553023,14.667376632486508,5.256777183754719
0.0054954674954674956,1.661379061128549,-1.5021606689211582,11.966590120329007,6.392333967106394
0.0054954674954674956,1.7091392725423968,-1.454759514124193,9.79256899505902,5.585806546887806
0.0054954674954674956,1.8276120549993058,-1.3628779276041472,8.138086115464525,5.519677607835551
0.0054954674954674956,1.7852334668889809,-1.344602365412369,8.765456184456218,3.940339614538661
0.0054954674954674956,2.056457483474215,-1.6382043325739717,6.660369208354179,3.204051151214493
0.0054954674954674956,2.2179090754329516,-1.417757344203627,7.158926631398525,4.913295478313206
0.0054954674954674956,1.345805341595035,-1.3483492214721977,14.76415340891198,6.424856999293024
0.0054954674954674956,2.405067245283255,-1.4866700688789847,5.09929902033347,3.251475590986886
0.0054954674954674956,1.9956268845985057,-1.2971771942419315,6.5168368635697345,3.01289524670929
0.0054954674954674956,1.6766510510459678,-1.3165357822999153,11.099339599531827,6.541688451295785
0.0054954674954674956,2.3015177265514737,-1.3270332095945467,6.317355486351764,5.6846934348129405
0.0054954674954674956,1.549307715263448,-1.5105493082604984,13.369590450205557,3.837135064884172
0.0054954674954674956,1.5678054465602407,-1.4834771600896615,12.611699287537304,4.841078076945756
0.0054954674954674956,1.3591552913040057,-1.5503126596625185,14.982528908396795,3.8440412392374723
0.0054954674954674956,1.760476331012087,-1.5872777705781966,9.675107788052815,6.719274830054429
0.0054954674954674956,1.7860316434133239,-1.5547735955859592,10.80699281302011,4.26260104550307
0.0054954674954674956,1.7447015186885066,-1.3494898928518824,10.915767140856513,5.434154727812595
0.0054954674954674956,1.5960740291852193,-1.548020531364161,13.881117192691859,4.673465582087122
0.0054954674954674956,1.490117679476986,-1.6897268069796847,13.67710608780751,3.9185591998961815
0.0054954674954674956,1.5899653101572053,-1.2588572470643622,13.477087319477375,3.792162245881824
0.0054954674954674956,2.1632249388015405,-1.4832104462486688,6.388430730475958,4.115022941326824
0.0054954674954674956,1.7847142422125613,-1.5648852445294068,9.690529326135406,4.903535095698417
0.0054954674954674956,1.425641743212016,-1.5549559481382071,13.965086907986286,3.9222700727092903
0.0054954674954674956,1.5642637988574082,-1.485637575196929,13.73978623419749,6.414087622014728
0.0054954674954674956,1.960295881783163,-1.472177926811628,7.370665477531325,4.604545565089893
0.0054954674954674956,1.764680052935314,-1.4476532139667593,9.646681595001267,6.778087840847449
0.0054954674954674956,1.826990741619626,-1.4366994895975003,11.035767932502493,4.494903226005116
0.0054954674954674956,1.8790771058997549,-1.5825925533731904,8.913262766731908,5.631351567100227
0.0054954674954674956,1.598534180683631,-1.5588756391290421,11.522098815634592,6.3760660885970655
0.0054954674954674956,2.1919916261389183,-1.4767693785610574,6.615743234150831,3.1845352805557967
0.0054954674954674956,2.020533728993276,-1.4230453890145667,7.1384382314992365,3.9387900142549355
0.0054954674954674956,1.520365460510631,-1.4453829828449534,14.818862410173349,6.336650101546908
0.0054954674954674956,1.6300868730456262,-1.4515165929458849,13.0676023235693,4.914200386358908
0.0054954674954674956,2.3737350478277466,-1.34080676991113,5.362926537339483,4.406105931109268
0.0054954674954674956,1.7793067890115712,-1.4266899633599104,10.61397635116094,3.1199263060951843
0.0054954674954674956,1.803621590555701,-1.5140859642510958,9.873012480770747,4.672277963956596
0.0054954674954674956,1.6393246587966082,-1.4152582542116563,12.033615491994814,5.332799515987652
0.0054954674954674956,2.1715005224438566,-1.3026356544494213,5.372674849769469,3.426108046726299
0.0054954674954674956,1.5594572354338998,-1.4591149947801754,14.339650600713037,3.7922379580518077
0.0054954674954674956,1.8150154499033024,-1.5405968432134085,10.502248917808426,6.108165815540708
0.0054954674954674956,1.9418944481363722,-1.4403445562823862,8.551573344906725,3.8580444270941068
0.0054954674954674956,1.6698849044244157,-1.4763170848618212,11.248592713916047,4.028120651454411
0.0054954674954674956,1.7078747013357762,-1.4762690405814112,11.643932883778545,5.014992542326288
0.0054954674954674956,2.0787876713497417,-1.4111022717958006,6.506894751186945,5.5073144735351125
0.0054954674954674956,2.1259528781404806,-1.6241566119377735,7.626612231312574,5.556781865874365
0.0054954674954674956,2.2123342881246555,-1.389254674039299,5.571226937774233,6.62723704611224
0.0054954674954674956,2.101975341504196,-1.4172561371198245,8.203176536379504,4.933858010008875
0.0054954674954674956,1.509488594382199,-1.4118754979387556,14.868387336072486,3.9079996066723437
0.0054954674954674956,1.6641195997446654,-1.2034191145398543,11.28104055507489,3.129773906925186
0.0054954674954674956,1.7264930683529993,-1.6173053608920032,10.589369563106597,6.646662871239846
0.0054954674954674956,2.443705673576037,-1.1891681618022163,5.584467215165213,4.585929820033209
0.0054954674954674956,1.616324499995729,-1.4574814079786866,11.983963910020186,4.487568769662187
0.0054954674954674956,2.0131017254187014,-1.4982626101609242,9.794692070671033,4.817771667739559
0.0054954674954674956,1.8004347560849467,-1.3762629012533771,9.970018536504071,3.3607021214758515
0.0054954674954674956,1.5501517794104627,-1.500410287407926,12.999296957414732,5.974115251568748
0.0054954674954674956,1.450188299873682,-1.4628308067310412,14.658408152973077,3.7840985069865014
0.0054954674954674956,1.615708504623003,-1.4094509875067052,12.323022349305944,6.607603758875892
0.0054954674954674956,1.5778836470260358,-1.39632402514388,13.71926696151437,3.663894430806155
0.0054954674954674956,1.7678944091494906,-1.2813293882829055,10.312317493530617,4.339036474593813
0.0054954674954674956,2.1448378199490183,-1.5091804765801298,7.102104095079744,5.63148884202806
0.0054954674954674956,1.9145149867831517,-1.257729687630835,10.872246281205008,4.662523890554253
0.0054954674954674956,2.0197384318511107,-1.4983519007401958,7.9797086706777645,6.196221411661385
0.0054954674954674956,1.5505668142735214,-1.4864276591984356,13.998626416010296,5.289011707254534
0.0054954674954674956,1.5770389838343701,-1.636923952996219,13.022248238040964,3.702594118051014
0.0054954674954674956,1.9927485777796925,-1.5911962172163476,10.031013964227228,6.7537129617765945
0.0054954674954674956,2.132153716853245,-1.4321751147641462,7.028604292898363,6.100528298562557
0.0054954674954674956,2.3383943109619283,-1.544939391217211,5.434983021813121,6.854617097107961
0.0054954674954674956,1.8256416895309415,-1.5827387501282646,10.778500996538314,4.998767928918088
0.0054954674954674956,1.868395230236153,-1.5854913584700854,9.836586706395952,6.169805260068079
0.0054954674954674956,1.432148926469274,-1.433403473791236,12.461774757134055,6.274983711303392
0.0054954674954674956,2.3622138981179,-1.4118268309528195,6.583926452447326,5.415883357394867
0.0054954674954674956,1.5325903132898435,-1.3658447170856158,14.586456292570247,4.6566309611260905
0.0054954674954674956,1.861863362838604,-1.4880475089364047,8.2903775140141,6.155605141507729
0.0054954674954674956,1.6933807539286911,-1.552187985939774,11.070898339643026,5.010423789374091
0.0054954674954674956,1.5752613148902759,-1.5094908148509327,13.453745907068607,6.816162378585495
0.0054954674954674956,1.7556765374165269,-1.4839291047754408,11.690343931385293,4.827507510479195
0.0054954674954674956,2.49649301012312,-1.5597051639505828,5.3354747429036955,3.4168193784865073
0.0054954674954674956,1.7406801264235523,-1.3833475561268331,10.325851195968024,6.018629423565077
0.0054954674954674956,1.9571787748851326,-1.5487523700470986,7.9689292360024595,5.281282539442625
0.0054954674954674956,2.169420604301481,-1.4992145723143073,7.6255984939016574,3.4547986001875137
0.0054954674954674956,1.751954560237094,-1.7852170256960793,10.558180768787391,4.1073136859357104
0.0054954674954674956,1.3797081824634256,-1.4344777088445273,14.323808190520156,5.961093496440331
0.0054954674954674956,1.7310828027195104,-1.474671853063556,14.849840390104704,4.0329842459654195
0.0054954674954674956,1.5991883014282462,-1.416355443181101,12.676235822490153,4.233262358981756
0.0054954674954674956,1.4080321756855196,-1.5634915043746884,14.975248972057205,4.291497791589404
0.0054954674954674956,2.298991749464074,-1.5873393958290405,5.950569088522158,5.390763639078136
0.0054954674954674956,2.0865124543017726,-1.4306629100055903,7.183706922022127,3.5002436340875542
0.027827574331305248,1.0966052411390066,-0.42836926624057875,9.41854025040848,5.88968252682816
0.027827574331305248,0.941092165099155,-0.3171197462831114,10.216242869527605,3.1727768550517657
0.027827574331305248,1.2464886569452132,-0.2718987545792624,7.645979663972869,5.399432269938874
0.027827574331305248,1.0278280467774463,-0.4958131725951354,11.259722805649673,5.660117351119766
0.027827574331305248,1.0388656682183168,-0.4269942415166939,9.131508694852974,4.372479661789655
0.027827574331305248,0.8119162666474856,-0.4082140031201102,13.185978265001589,4.6199844531026555
0.027827574331305248,0.8068019528616315,-0.33147724310338933,14.105843573294724,3.6543686057759293
0.027827574331305248,1.4860652042765408,-0.47189731660544354,5.674209850764607,6.887818344308754
0.027827574331305248,1.448655689796725,-0.4647550604377372,5.335950687507742,6.325916041302401
0.027827574331305248,1.2527581753415467,-0.5697738350862047,6.240218262425952,4.792788448630589
0.027827574331305248,0.7964740005205605,-0.4307208881031851,14.158398484052443,4.19850088215081
0.027827574331305248,1.3984705234652801,-0.51314741778401,5.885915404841793,3.4228741047565023
0.027827574331305248,0.8576740467927401,-0.3837277485689583,12.38145255624621,3.0233332151554473
0.027827574331305248,0.8081171808621307,-0.5797761536595173,14.641750645516394,4.73145310687703
0.027827574331305248,0.8688726289078129,-0.21849906296508553,13.944879620145986,3.428203101812079
0.027827574331305248,1.2248055551772952,-0.49106678593410275,8.06773555334372,3.467251589383784
0.027827574331305248,0.9714835898948997,-0.3587574081477351,11.594974186959135,4.846806856415725
0.027827574331305248,1.0280766775139036,-0.2569434486323257,11.701257824741482,4.141766517165368
0.027827574331305248,0.899897228928234,-0.30639614875936777,14.363063896363922,6.551827518556622
0.027827574331305248,1.0983561838505114,-0.2644434008641478,9.259256507390516,6.306792145972494
0.027827574331305248,1.2320553070017723,-0.33808277422325766,7.555710306228352,5.842941491236621
0.027827574331305248,1.1874546028983184,-0.36002399629815635,6.751860050665453,6.24955267601691
0.027827574331305248,1.0587099116992513,-0.35024892013240794,9.949772429042167,4.526213907879212
0.027827574331305248,0.9174037847731746,-0.5174771234095296,14.913795680134633,4.384188565593923
0.027827574331305248,0.9407610400882792,-0.4572274833244889,11.66333280746818,4.2059231134694315
0.027827574331305248,0.8596735562957886,-0.42418676496344565,13.589530043886086,6.359472123565908
0.027827574331305248,1.4018680918393382,-0.4326235007423481,5.7965515444168485,6.427349447269375
0.027827574331305248,0.8084422681943295,-0.4908838972266279,13.422968607744753,5.326606357763087
0.027827574331305248,0.9201428703927457,-0.22305010743273937,14.820038317815706,3.3455326684132594
0.027827574331305248,0.9488035520274116,-0.3235260294697097,11.457141708313031,4.239639630142504
0.027827574331305248,1.1417294360318813,-0.39119086162643624,8.908154084418022,3.187731328965683
0.027827574331305248,1.336051546569315,-0.3291135211949656,5.733205524385756,4.343228049705587
0.027827574331305248,1.3378369462160917,-0.49328634231267643,6.290530831008198,3.7384468297673963
0.027827574331305248,1.104911275909207,-0.4262746057369695,8.587598886824722,4.123808572174701
0.027827574331305248,1.1743682133665334,-0.4593452252703022,8.554715693865667,5.869737836647436
0.027827574331305248,0.9579267084525197,-0.5056005523917352,12.158854955167609,6.485147436723384
0.027827574331305248,1.1167215954954284,-0.36196739034742853,9.391170815424983,5.665684891317705
0.027827574331305248,0.9921639256269454,-0.49252946262834907,12.00595091088301,5.263898999240197
0.027827574331305248,0.9289832292950129,-0.45834116594105523,12.430890744096317,4.55710744987527
0.027827574331305248,1.3989638371373376,-0.4596101372305638,5.191363526072431,6.012603006662969
0.027827574331305248,0.9672620353680972,-0.2991939258141001,11.970581294700906,6.81441472721489
0.027827574331305248,0.8468725494472694,-0.31217085063622824,14.830794762090584,5.495766899266297
0.027827574331305248,0.8675609044411492,-0.4424148151004159,14.320827105205515,6.00517505226293
0.027827574331305248,0.92765091259163,-0.41688905087611594,13.421166477038147,3.884435648347248
0.027827574331305248,1.290424461760638,-0.5413111056700224,5.772289337600203,5.5953444495054505
0.027827574331305248,0.9730330330619505,-0.4683426156104871,12.538221011217285,4.702865401916922
0.027827574331305248,0.852722709990596,-0.2870397661327788,13.704660355578094,4.021558889739357
0.027827574331305248,0.9757891012328773,-0.5221144580574734,11.344679742635693,6.962443904772254
0.027827574331305248,0.9665142984381866,-0.4791228292557772,10.533967512128516,5.609075779972492
0.027827574331305248,0.9585870060239263,-0.3707262838146123,11.40871168252489,6.356191393249016
0.027827574331305248,1.0244069398497386,-0.34361248819999135,11.170691928188376,5.278410390998008
0.027827574331305248,0.9513398833617026,-0.24144420718056084,9.726673767193219,4.12414683385652
0.027827574331305248,1.0733873077991556,-0.4102123188108632,9.984474518082195,6.352241524570786
0.027827574331305248,0.83732476693655,-0.3354011240285941,14.619809089370143,4.7411070110638525
0.027827574331305248,1.4119288835238697,-0.41838028353513856,5.638202165838577,3.1377831848346136
0.027827574331305248,1.1592389604034294,-0.30424241336482993,7.765309627389049,4.440073018746646
0.027827574331305248,1.53531125876496,-0.5146673440280125,5.4039437683699765,5.385320670805848
0.027827574331305248,1.002335265370077,-0.5572011075839919,10.174601975034602,4.185144688387649
0.027827574331305248,1.5434822831301722,-0.2960561432695752,5.0842624818704625,3.3076814480095957
0.027827574331305248,1.0718754829938784,-0.5012929364701082,8.789171185627698,6.866942465538516
0.027827574331305248,1.087876014346099,-0.28619484849396254,9.314453341863997,6.696838886913093
0.027827574331305248,1.0785740915308466,-0.39168469332694755,10.09677504232358,4.399886596633032
0.027827574331305248,1.2167555028168136,-0.33844317457426937,6.016853914941325,3.517685385420578
0.027827574331305248,1.0623169478245678,-0.49874564876954525,9.16684101141238,6.505199248318474
0.027827574331305248,1.2650727781836528,-0.3779135913725049,7.528400967797974,4.128914166962295
0.027827574331305248,0.9834405049201678,-0.5130866186592629,10.396495937184866,3.8040167905856777
0.027827574331305248,1.038676258304875,-0.40206269328138605,10.16678118502345,5.353501613656343
0.027827574331305248,1.0251964500714836,-0.25007673173778344,9.86319853716326,3.038006122544518
0.027827574331305248,0.8494536442849128,-0.24326411947505924,14.808509580241703,6.719290432499209
0.027827574331305248,1.0291611568010903,-0.49336189850026935,9.645376383468966,6.920107902895882
0.027827574331305248,1.1927971097594519,-0.5227021653627325,7.011945975735175,3.4408957028340104
0.027827574331305248,0.9756408660581363,-0.31214067128793815,10.860266711684337,5.737698993198673
0.027827574331305248,1.3157745185863532,-0.2961840553137254,6.243059332568523,6.671307239683758
0.027827574331305248,0.8708039614908586,-0.2529594972038279,13.126382372355083,5.353736792498214
0.027827574331305248,1.2819952383065374,-0.4342770591407952,5.971670380623264,6.18661524194083
0.027827574331305248,1.358152878074463,-0.4231524593480138,5.977036506972749,5.442130228579315
0.027827574331305248,1.1672121094983763,-0.45679739391090357,9.537073727123936,3.542416304432919
0.027827574331305248,1.3885356927385277,-0.4151912701473518,6.603420059950436,6.646134924978595
0.027827574331305248,0.9653359889526955,-0.3687206853636841,13.317920321947785,4.38866190066242
0.027827574331305248,0.8765376490078565,-0.32716574610693244,13.69684116158617,5.333028039158624
0.027827574331305248,0.9327666002326698,-0.45829263775644125,11.399253005033104,5.06796937411152
0.027827574331305248,0.982742839652438,-0.30814714567062335,9.60543037511891,5.611639069296931
0.027827574331305248,0.9607906271415316,-0.3747448114504815,12.97916699304586,5.169224606773206
0.027827574331305248,0.8677678500522898,-0.5629262444907185,14.884546861430726,3.7267050067626935
0.027827574331305248,1.440342393910688,-0.29592831131294617,5.044007785901881,5.618483445029206
0.027827574331305248,0.9791609268410166,-0.26185490196462546,11.354627563791611,5.169464008886713
0.027827574331305248,1.2270944780586384,-0.45611668314782944,6.555110032898927,4.541173209662548
0.027827574331305248,1.2238593776634563,-0.37857604092862596,8.68458181366979,6.621406980931829
0.027827574331305248,1.0029621092869514,-0.4248747145328741,11.206141480488807,3.369491456599713
0.027827574331305248,0.9503758925043052,-0.51195527950589,11.489305653220173,5.375299512571228
0.027827574331305248,0.8722522004728949,-0.3256815449812148,14.668768489643982,6.421996333094354
0.027827574331305248,1.3741620902035498,-0.3719717868018285,6.037830926539415,6.997279488832655
0.027827574331305248,1.3426396661464597,-0.4094971196093652,6.6480968263928775,6.054621176451734
0.027827574331305248,0.8569137472331968,-0.3087067775992314,13.67501975124158,4.856277884028074
0.027827574331305248,0.9071911632912925,-0.5904935308903105,14.895044183384211,3.581776494087315
0.027827574331305248,0.9414240549108894,-0.39125357092221263,13.26271230212485,5.49530164275286
0.027827574331305248,0.8636921285808876,-0.47327827704280934,14.284440104342528,5.646069069152727
0.027827574331305248,1.0462388632864354,-0.2821852611193864,8.328514574547478,4.987130325385291
0.027827574331305248,1.1658890401838113,-0.4655407814640515,8.085763982856383,5.497849487641744
0.027827574331305248,1.0273549113899454,-0.3739561635074225,10.696038832087801,6.7578134534540215
0.09186607295769827,0.6182694749367185,0.3184497810638434,14.869765307389553,6.9916988902990695
0.09186607295769827,0.8689615037453926,0.45151194923939253,5.631303830335012,6.515171811451068
0.09186607295769827,0.6600862879666692,0.4776494651518862,13.114427037883607,4.621742002434911
0.09186607295769827,0.8092724175940876,0.2798418160259687,7.1737495392753505,6.2681653673048725
0.09186607295769827,0.5399103774359142,0.4947210008358525,14.04504790617278,4.774724524525909
0.09186607295769827,0.729293052369394,0.3811684841438234,8.909803775635192,4.729738514054379
0.09186607295769827,0.8339563302056108,0.5916156301478093,7.326591030594384,5.445106840643804
0.09186607295769827,0.7439496873992533,0.3796130691260857,9.761513474263767,3.188669283120957
0.09186607295769827,0.7086112908722609,0.36147186843323803,10.667427954139956,6.128302654402956
0.09186607295769827,0.630798336085329,0.4621232081900024,14.550783633845962,4.206553773425759
0.09186607295769827,0.7224323437982761,0.3617392880877136,10.909148256859957,6.417978948558778
0.09186607295769827,0.7736502471312029,0.36595576721405315,9.329300177162793,5.707314532940046
0.09186607295769827,0.6636572150955535,0.43700160790787923,12.028985636401309,6.750565862731795
0.09186607295769827,0.7568291502510466,0.35170145854483226,9.260717794841417,6.911308441821017
0.09186607295769827,0.7063033193168705,0.5387935899231577,8.815970293746473,6.603552194778958
0.09186607295769827,0.7169839096539179,0.43236940301628424,9.814915463073962,3.742436219413767
0.09186607295769827,0.7263673261977139,0.46300840641046836,8.709282988895641,4.55405243867233
0.09186607295769827,0.8658255897596875,0.39575868606800946,5.8945530084693685,6.374683619640065
0.09186607295769827,0.7554290779698414,0.3495660175291247,9.092938420902414,4.4311755523265015
0.09186607295769827,0.6308740659832991,0.3774437043984596,11.198173423430019,4.138319320892878
0.09186607295769827,0.9235494000459146,0.2976862720934738,5.7506544034309135,5.1456662102990895
0.09186607295769827,0.5741902032004376,0.40905346563301254,14.2009832783876,5.874436152701707
0.09186607295769827,0.6530347170486673,0.4413709479952892,9.949212127274372,3.0618404916104742
0.09186607295769827,0.6299641948776729,0.513495049184232,12.301578538410872,6.511936655252429
0.09186607295769827,0.8471223845955073,0.3547971389298078,6.07303126041463,5.532715026302293
0.09186607295769827,0.569675154139466,0.48635809736111046,14.812344663566023,4.013153984022471
0.09186607295769827,0.8250157240578394,0.2769124984796456,7.894515184849594,3.3929395986361026
0.09186607295769827,0.8278194543984895,0.4560085028161473,8.6208858355487,5.66676286903501
0.09186607295769827,0.7541090029147345,0.470102013480998,7.769835601024161,4.630354567198884
0.09186607295769827,0.6666547332304039,0.3968143418765468,11.637608304478206,6.716753308277546
0.09186607295769827,0.8516935645627578,0.34717443610815557,7.151021526149371,4.93728536878001
0.09186607295769827,0.542263169473793,0.3921175737227074,14.126238270122982,3.5820352472869526
0.09186607295769827,0.81892607994293,0.4128719740789164,7.501644429308571,6.58774080409196
0.09186607295769827,0.896704012672218,0.1692348397694452,6.105157896073914,5.8346836635149
0.09186607295769827,0.6815108527012051,0.40000395380760784,13.3626860184966,6.123377359497429
0.09186607295769827,0.9185274145801959,0.30854564191485956,6.685106229823883,5.853087966507678
0.09186607295769827,0.6302425992570831,0.3616753234204945,12.191127419186133,6.307874314684508
0.09186607295769827,0.8996467219342489,0.4527845407538483,5.24851805881989,4.852917772638763
0.09186607295769827,0.6760121232180583,0.38010300149385046,10.61932898403039,4.524241559480744
0.09186607295769827,0.6172286734036389,0.49488852964924096,14.077097286763378,5.000234664344461
0.09186607295769827,0.6229538837324287,0.43410422017138545,14.346321974348516,5.3469780674445175
0.09186607295769827,0.7747399853548395,0.4967451058632888,7.264522098956031,3.6434650433368
0.09186607295769827,0.6337939499099324,0.5330080822455965,11.436663007401057,3.418253020723788
0.09186607295769827,0.6415489470769344,0.5536811978125253,11.36965078897573,4.837696503809829
0.09186607295769827,0.6487332835830483,0.41355873471439103,11.466140141511172,5.108576902881554
0.09186607295769827,0.7422506615375147,0.3595099404278021,9.078822992202474,5.112843551471404
0.09186607295769827,0.7105196082669953,0.4698300692050021,9.256767018704537,6.58134979168651
0.09186607295769827,0.6998841177580288,0.4444230430843386,9.50551837998239,4.038836215445212
0.09186607295769827,0.580277404331362,0.33389581182474504,13.891170683705258,5.065850807516306
0.09186607295769827,0.610247984145556,0.4402565156750512,12.70516074763825,5.673676771242093
0.09186607295769827,0.6196696677756056,0.20945709041353627,13.31511506460071,5.978848036070395
0.09186607295769827,0.9027792208889205,0.3716621778355902,5.650327649683696,5.640711469401276
0.09186607295769827,0.7621965333846389,0.4927805206281142,8.35320027483333,5.176689821128518
0.09186607295769827,0.564003466151947,0.4953098832079027,14.609658637682974,3.481436287514313
0.09186607295769827,0.6887622010206172,0.48639840279596563,10.235220049367179,5.551132855756775
0.09186607295769827,0.8628466301161666,0.46364385964411187,6.60648496818879,4.143484838121531
0.09186607295769827,0.6051095584681583,0.32823073716804785,12.17645256724963,3.7727705594590066
0.09186607295769827,0.788082688065574,0.701316250525011,7.601039749636397,5.423863454610034
0.09186607295769827,0.6195053102181782,0.32649260989802975,11.543392007854898,4.525736826482394
0.09186607295769827,0.6450402089843777,0.34602466602393755,12.922761543079048,3.0557234263913546
0.09186607295769827,0.7964246056518577,0.48309623627690085,7.389707831483151,4.175953224229259
0.09186607295769827,0.5583280804012745,0.22657276913637084,13.982177974854585,6.316794409162673
0.09186607295769827,0.8459997199034537,0.41920372468854933,7.210800341609957,5.6168573533927795
0.09186607295769827,0.6809364392729774,0.3079136799528948,10.472293382150058,6.372014644365693
0.09186607295769827,0.6781436865016657,0.491131527241648,11.731773320945242,6.113844403962735
0.09186607295769827,0.605500108537507,0.5527606033486515,12.931714384555715,6.201698032756237
0.09186607295769827,0.6394258924076947,0.4014424659996918,10.921480767648978,3.8365116230490233
0.09186607295769827,0.6269599883487609,0.5065494357848954,12.199424215980152,4.348101402861915
0.09186607295769827,0.896932773832151,0.4056385425834134,6.988469039709285,5.4700452407418645
0.09186607295769827,0.5936434975335019,0.40751997039912163,13.403062994662267,4.115355141644596
0.09186607295769827,0.6121983613531319,0.3627431931006424,13.994876130640066,3.255325632369373
0.09186607295769827,0.7827461462420936,0.24507573618473324,7.987527687184901,4.352142426654538
0.09186607295769827,0.6713433040786795,0.46438284494845955,9.709464636085507,4.53822202115706
0.09186607295769827,0.7701278032294606,0.3656416143679208,8.73998572999427,3.952286199369963
0.09186607295769827,0.9398423533147833,0.3137440881938486,6.191394632501233,3.981712396011897
0.09186607295769827,1.0056158554148305,0.34849598092320444,5.562362523591742,3.8360707692262577
0.09186607295769827,0.566515188054098,0.3737155303633203,14.653435830010217,5.192759834804802
0.09186607295769827,0.7709554057873196,0.43045842527297096,7.958544695370414,5.997409255839475
0.09186607295769827,0.889669615103919,0.5224511900182333,5.402110613303835,5.136974931172832
0.09186607295769827,0.5904316465019498,0.5034590305868809,13.06124635199722,6.55235689031068
0.09186607295769827,0.6633635601226291,0.41552713390709006,12.023762036791496,3.4189917886574026
0.09186607295769827,0.7263386167063178,0.21558193236845422,9.096879861578508,6.87978647839854
0.09186607295769827,0.6536640485305508,0.4434052495947288,12.461573750498847,6.5560115455421375
0.09186607295769827,0.6116502468968114,0.2877488520251249,13.854286057705933,4.912624499034406
0.09186607295769827,0.7098373264910393,0.3382401242402001,9.362667385988154,6.523261362825642
0.09186607295769827,0.652653810926584,0.42821041888657024,13.013160670003481,4.624342244542449
0.09186607295769827,0.5838614937063781,0.4727717315817832,13.298049025623227,5.572498628060538
0.09186607295769827,0.7972396508585701,0.481253667289486,8.319469527693943,5.807191580737921
0.09186607295769827,0.6168566295504113,0.49986548940812575,10.599311845345175,6.808137892811505
0.09186607295769827,0.6362710761384186,0.5191206567664265,11.676069195206704,4.644812056654086
0.09186607295769827,1.0462449311074251,0.2913155377071984,5.460931607722018,4.274127460125852
0.09186607295769827,0.9728015985114796,0.5431392116502518,5.3031005918273095,5.23691677167038
0.09186607295769827,0.866811672010953,0.22760823371870187,6.597356213300902,5.998160337102575
0.09186607295769827,0.586539440934838,0.5852019273686448,13.504576727383833,5.588106509469293
0.09186607295769827,0.6548581000316589,0.36547021283524567,12.33622742767973,4.124224832460218
0.09186607295769827,0.9530017928110385,0.516730186128264,5.657359176364442,4.997332149201329
0.09186607295769827,0.7505195612155509,0.3273583962312355,9.050542662105961,6.344394088157868
0.09186607295769827,0.7510079105483101,0.44691220782922086,8.364340723378001,4.597464283836807
0.09186607295769827,0.7101935349110079,0.29579928588392795,10.141434952565515,6.495159330612444
0.09186607295769827,0.6239887158404243,0.3187999127482245,11.736500217266942,4.305564105904454
0.31872396359959565,0.4340092656744451,1.3211560460126714,13.039787161796255,5.9707043363800185
0.31872396359959565,0.5857988155448188,1.2180593893799552,6.117370343992839,4.1770517317552045
0.31872396359959565,0.41859519575258775,1.332075766768372,11.986109999414793,6.568903578413776
0.31872396359959565,0.6582664542020314,1.2781285142334495,5.079997481009865,4.2324513466078075
0.31872396359959565,0.4085005049808295,1.1813452791973018,13.263187842660036,4.35678067801158
0.31872396359959565,0.37735604705469755,1.148762552935347,14.963633688344428,6.5753533740680385
0.31872396359959565,0.5081072031315848,1.2069601318583008,8.830335098899276,6.890644498588779
0.31872396359959565,0.542562411891433,1.2886258979948328,6.653498451339333,5.376265954436981
0.31872396359959565,0.36800923270570124,1.1045867180982039,12.880742368043432,5.274078959368877
0.31872396359959565,0.4077480514354811,1.3013819273245821,11.638915489429769,4.3232396803369415
0.31872396359959565,0.5224394228444734,1.2171481904694492,7.363550208666201,4.895763664862024
0.31872396359959565,0.5037238000575605,1.2979767987969126,9.442906462526196,3.2878606874927034
0.31872396359959565,0.4913194470911425,1.0806295699387705,8.051721166719744,6.961774306713503
0.31872396359959565,0.5602748906253664,1.197879735267121,6.546544736299106,6.992052447738459
0.31872396359959565,0.5591320403633472,1.0597241041519867,7.124269596864484,3.3738625371842077
0.31872396359959565,0.6127615723929544,1.2189369835342643,5.300422598818435,6.522467462951676
0.31872396359959565,0.43011311088511134,1.302389695471116,13.94994108869387,6.797541735515733
0.31872396359959565,0.4326339914741844,1.1715127198050583,12.56431089569173,4.573915732769612
0.31872396359959565,0.37641083180508683,1.1286523752990565,13.688253366026453,4.903410384907286
0.31872396359959565,0.4309070476591196,1.2694462170512804,10.161763590050876,3.336890900468424
0.31872396359959565,0.5508741536332055,1.133547503980416,7.948848707444867,4.8494594229158094
0.31872396359959565,0.3880840429120765,1.022003689467542,13.137053657900607,5.605309533948668
0.31872396359959565,0.5241252583586252,1.2381355386803463,8.552358606696515,4.810061040235025
0.31872396359959565,0.5418732949151848,1.2084596970123747,6.670476426741777,4.681518131605484
0.31872396359959565,0.5903300371915461,1.3314943332862137,5.8359178294171805,4.687861023659975
0.31872396359959565,0.4057053173311112,1.1586511463483065,12.496383555130816,6.509593146507131
0.31872396359959565,0.6089937039852967,1.1709987978763852,5.657375054324245,5.1728998434579285
0.31872396359959565,0.5683851457309462,1.1801636790676455,7.703825689026743,5.236037816526908
0.31872396359959565,0.4218920006537409,1.3135987971874268,12.960162835542562,5.005910679185602
0.31872396359959565,0.6239919364841702,1.2719130379340848,5.87638683669206,4.243437347832487
0.31872396359959565,0.4954515578178288,1.345779944658283,8.251358824852245,6.101953569895951
0.31872396359959565,0.4687655659296844,1.244343759303837,8.639030970044171,4.713564165956736
0.31872396359959565,0.4829080019320014,1.269584094907161,8.614402036500111,4.111992764696833
0.31872396359959565,0.41167565957378377,1.2029540922904567,10.824791182507536,5.106184074666947
0.31872396359959565,0.3945602071214509,1.2180477283471107,14.702953695272484,3.171066177304904
0.31872396359959565,0.5466430520569833,1.146040573559521,6.296533964835275,5.013627426783266
0.31872396359959565,0.4250191101204782,1.0974629786841836,12.318045033763372,6.434490941841035
0.31872396359959565,0.48795666408397503,1.181890118934226,8.992024094216546,6.459549111475321
0.31872396359959565,0.4051909693113084,1.0732343772215411,13.67320124288226,5.075293066566459
0.31872396359959565,0.4045575602170531,1.1892563112447234,12.36540342188126,6.973804877960784
0.31872396359959565,0.48421772514227873,1.1810346472761497,10.137548182209136,6.308164210518342
0.31872396359959565,0.5660688239999169,1.3135113767983597,7.218443945186504,4.038192775601265
0.31872396359959565,0.3835478339547826,1.0982586781805954,12.885995911097968,5.627286749614793
0.31872396359959565,0.5107067717057717,1.3575278639199548,6.762779904076303,4.772611351698516
0.31872396359959565,0.4291684117609197,1.243396825026153,10.21565997766115,4.1005871682532025
0.31872396359959565,0.4729740634390913,1.4848081831658573,11.70666905673704,6.398935849952481
0.31872396359959565,0.40179018609768036,1.2115893312210377,13.539852013326264,4.408241235533233
0.31872396359959565,0.6005608659186815,1.3630313457812078,6.798357541243048,4.794096789310439
0.31872396359959565,0.45012128168163373,1.1305555262734954,11.20029703786356,6.066251137335696
0.31872396359959565,0.4352648935459322,1.2418911292284127,11.28359739010023,6.344142781629408
0.31872396359959565,0.45521411677039403,1.1454761278760799,9.50629523536608,3.4464069057008944
0.31872396359959565,0.450521664642128,1.2836026509190221,10.089573535654004,4.974688533647173
0.31872396359959565,0.39329710095886955,1.2870371565488656,14.077026135432384,3.902039295773761
0.31872396359959565,0.42881824202584473,1.3210254394653245,9.409549785421598,3.591407182180115
0.31872396359959565,0.6227242395379928,1.1794417855938968,5.289378941930694,6.925573791563583
0.31872396359959565,0.6223913382797281,1.2020606662182398,6.097356812532962,4.044561719279672
0.31872396359959565,0.4262651580882535,1.3000098957957265,11.16379538330218,4.486081392266767
0.31872396359959565,0.3947889730088449,1.2792327543542807,13.901165668857148,4.318763232409369
0.31872396359959565,0.47804296093905735,1.2104196278932964,8.987750832551466,5.579816117385487
0.31872396359959565,0.43282557321710263,1.2435211100574597,10.199579832264668,6.023196863198617
0.31872396359959565,0.5748123733252908,1.3156268244494616,7.21516883673841,5.0326005468457415
0.31872396359959565,0.4759479617145237,1.2315824400709114,9.61423337319555,6.197922021078997
0.31872396359959565,0.5278306335060392,1.2511892108576532,8.44798865359193,5.020744408911753
0.31872396359959565,0.659179798479605,1.191979777224362,5.4802099213480115,4.669217511254326
0.31872396359959565,0.39713078326135226,1.3078229890697037,13.351496310537991,5.142014051662349
0.31872396359959565,0.5874693880436991,1.336759149551653,5.939988795424337,5.906344522532673
0.31872396359959565,0.5170314888924136,1.2198064245955518,8.022143840685564,3.0131646111842554
0.31872396359959565,0.6165275863615413,1.3218820958534625,5.239530706978969,3.636339065199255
0.31872396359959565,0.4258052568417524,1.1797375985209089,10.36887152673175,6.0895095755562
0.31872396359959565,0.4757765357804727,1.408735738510838,8.492541849778966,3.0357494267704648
0.31872396359959565,0.3921383408522721,1.2102877641515626,12.719434203226646,6.584618617531494
0.31872396359959565,0.5076099047217241,1.3622247831615277,7.731857425167551,3.7967130950290544
0.31872396359959565,0.44358203465951607,1.398627733416074,11.145807869712012,4.306859788212914
0.31872396359959565,0.45856236114390536,1.0341988894901843,10.417484933422633,3.1307747950199425
0.31872396359959565,0.4460171752144145,1.153092488904452,10.7810993295079,5.157779597452501
0.31872396359959565,0.5562541145634861,1.4430451237571138,7.01997041493998,6.9856898814703925
0.31872396359959565,0.661822212959272,1.1172007309344816,5.529475999032879,5.703253650354687
0.31872396359959565,0.5646052192582257,1.1661328675646117,7.128387609473056,5.600481354269926
0.31872396359959565,0.46070073100747133,1.3141182937664044,9.163697021925124,3.4459352883366243
0.31872396359959565,0.43291855857478156,1.2628972519401542,12.955180783995205,3.218475562291151
0.31872396359959565,0.45930816265936525,1.3112695060681683,10.174492796680454,3.291376799721156
0.31872396359959565,0.4005815300752468,1.1084009798568637,12.391698023946294,5.746197079835355
0.31872396359959565,0.47477853771056444,1.2031138131389112,9.739608578103034,4.043545568179256
0.31872396359959565,0.6152252642989127,1.0722096468064712,5.723085994676236,4.0828648685956725
0.31872396359959565,0.44931508456362396,1.2463997884573756,13.34148188671863,6.788498752980776
0.31872396359959565,0.4876779733511074,1.151252615389606,7.694928675022038,4.2812574064133315
0.31872396359959565,0.37277214167455197,1.2832923320780385,14.659243966410179,3.045040758245914
0.31872396359959565,0.45141425978907684,1.1274507224484704,8.489731536085134,5.498395165434255
0.31872396359959565,0.36425925493359584,1.2643420380652524,14.70577516040439,3.759989411879789
0.31872396359959565,0.34656496063941206,1.0730431122311035,14.523859682758836,5.911244077941891
0.31872396359959565,0.5170190655223537,1.1422593989132703,7.402728502874327,4.540059737968894
0.31872396359959565,0.46927364359825524,1.194825141912965,10.550453460265416,3.1618196535544936
0.31872396359959565,0.37017672607061863,1.2029992565997152,14.44256372239299,6.385023809212472
0.31872396359959565,0.5458179502674788,1.271981257633521,7.086049540759676,4.471159207996818
0.31872396359959565,0.3760352113667986,1.2201115357427388,14.018946342162591,4.743942136557815
0.31872396359959565,0.41716521757927905,1.2901836637174093,12.117829543918573,4.584940725785319
0.31872396359959565,0.4137591484889902,1.0848511124234772,11.715547368881825,6.664421007431423
0.31872396359959565,0.41293448302401947,1.1507054606786786,11.941320881090215,3.3881023394396945
0.31872396359959565,0.564576659438912,1.3056632644619213,7.554349767556978,6.844148226799808
0.31872396359959565,0.5389314275457654,1.2167088060284001,8.161076526294067,4.4957706767165915
15.475263157894732,0.1319278010935675,3.7134083272838074,9.991818331571931,4.17706722902215
15.475263157894732,0.1332936169199179,4.037884977065255,10.103849963526589,6.039729485197986
15.475263157894732,0.11806968724151064,3.6404458617670024,13.31272666628047,5.549021495400359
15.475263157894732,0.14646651455565995,3.8685757008111366,7.826020559663723,4.626698627001405
15.475263157894732,0.16996685817135967,3.6896677002262455,5.8758808410112175,6.135526272610052
15.475263157894732,0.15787081746956616,3.9376460635577195,6.320709774070013,3.2339071397641437
15.475263157894732,0.1717983023737133,3.9015442550399917,5.361351387359062,6.26275704266702
15.475263157894732,0.1089568336389536,3.928967302926666,11.886275517654276,5.1497637773651155
15.475263157894732,0.14892351445773794,3.7966577914391744,7.674589161061297,5.179652145344797
15.475263157894732,0.100988334176413,3.799655095006782,12.948731184739117,6.613141702560428
15.475263157894732,0.1243097554947821,3.778186755397576,10.942379799226696,3.0322796176540923
15.475263157894732,0.1864989312149415,3.79370822238319,5.159362007445878,5.371993594654774
15.475263157894732,0.14596005881835714,3.874168428037914,6.849316343794496,4.966947174176267
15.475263157894732,0.10788884617566939,3.821116540168057,12.677347366753246,5.702824430682016
15.475263157894732,0.11841491851971417,3.9563857353985727,11.039574480769225,5.173417238422557
15.475263157894732,0.1366556119352879,3.657341086899235,8.700188120325105,3.126890469904733
15.475263157894732,0.1154774542219529,3.8249773913567053,12.050943390564974,4.886669791390069
15.475263157894732,0.11003654435318673,3.8382145851304026,13.845457735396812,6.6391662267963785
15.475263157894732,0.1549514495195828,3.8622723704821174,6.897137468487116,4.713494436687853
15.475263157894732,0.16927451014411402,3.999591066900947,5.221045092530573,5.93484650885819
15.475263157894732,0.14877862206644038,3.908559527474055,7.897357671201794,6.305605312482797
15.475263157894732,0.10797397785630135,3.75027837556918,14.638235470393184,5.864058624604748
15.475263157894732,0.10322363963631212,3.89312694639964,13.359170827817877,6.667764206323617
15.475263157894732,0.15362959262347756,3.849741575219456,8.094292004828556,5.97183246494099
15.475263157894732,0.1271473425608612,3.9948908218618056,9.708077044154933,4.994267180726525
15.475263157894732,0.10140322381769823,3.8366910550323445,13.90409437984479,6.92596747346199
15.475263157894732,0.1303255139616085,3.7856715787107844,9.210563594376989,3.5900059512302867
15.475263157894732,0.16000057937294526,3.9991222261500923,6.568329227848572,4.289621734341685
15.475263157894732,0.15588690385520376,3.850602438400167,6.611287648802071,3.8747524746119084
15.475263157894732,0.10569487937256913,3.9734414107556373,13.00951758615654,4.2665724062524895
15.475263157894732,0.15562108532507635,3.858876304104802,7.65122797395991,5.230994827142478
15.475263157894732,0.1158710067160486,3.8853756979884007,10.677361267196115,5.727220159925119
15.475263157894732,0.11017064551617252,3.9089670082665453,13.79424099709906,6.489048055702098
15.475263157894732,0.11884379021485529,3.864429090361763,10.853828595991342,3.161085320706442
15.475263157894732,0.11957377287727562,3.9427430693828205,11.568778440994056,3.59034381557409
15.475263157894732,0.13903869606071392,3.7584320395856263,9.067320866002024,3.5672672156464644
15.475263157894732,0.11544578538077652,3.8998995609925964,10.605165841804547,3.0712421676962105
15.475263157894732,0.15670112926213592,3.9215725550541785,6.510563071954931,5.703766418808119
15.475263157894732,0.12370996953845191,4.0242819216855175,9.807535001999735,4.183500301125553
15.475263157894732,0.12764726832331683,3.676615498169336,9.2073879133172,3.3797443425068043
15.475263157894732,0.11064737512646512,3.8051133078789015,13.608628887687278,4.492067222190423
15.475263157894732,0.11663560558032192,3.7414164396221974,11.091148211069301,6.34343435890673
15.475263157894732,0.14190042740828973,3.794525494307076,7.46584006353361,5.590808711429695
15.475263157894732,0.12462884894086339,3.8190392241398317,9.087108660385148,5.364815688207904
15.475263157894732,0.10338232136769551,3.806346552807416,11.270420513841632,3.667432115632577
15.475263157894732,0.15529153770867596,3.9163684531813927,6.776444462116132,5.440743286579021
15.475263157894732,0.12024734761396134,3.8656554223294313,12.40279785543697,4.003461115403553
15.475263157894732,0.13231456103375586,3.863388708036087,9.568713281485744,4.486794252836835
15.475263157894732,0.10957282738709558,3.897489877366275,14.888467357012573,6.988135058281187
15.475263157894732,0.13391570869164496,3.7359532647561933,10.807864780858601,6.796549460887885
15.475263157894732,0.12479298310801522,3.7636161741664194,9.75435722309363,5.72741573361793
15.475263157894732,0.15535816770455232,3.9312407333675656,6.343990594466016,6.908333757344656
15.475263157894732,0.11112371624492734,3.8731690063323,13.191672874499593,5.14172060831989
15.475263157894732,0.16852004496940115,3.924927027864912,5.994562792334447,3.1884693227176286
15.475263157894732,0.11127816417189916,3.6516178848119116,13.540806892378257,4.632829732765563
15.475263157894732,0.10436924129582656,3.7561471723642312,13.74904911727031,3.34286965392619
15.475263157894732,0.1446306660379054,3.9407662638791345,6.461291759373444,5.293931024765524
15.475263157894732,0.1210031058360988,3.764410596530695,10.262001051725939,6.824403521082127
15.475263157894732,0.1327931129409457,3.7360694284282303,10.931391530066797,3.1829475586130753
15.475263157894732,0.1594632742759578,3.8737637205587743,6.9596056645037425,4.191118377080269
15.475263157894732,0.15791302804224572,3.941129138266332,6.737845152350214,5.78419985603125
15.475263157894732,0.11584877623089533,3.755070972177118,11.318125326029673,3.527551636640359
15.475263157894732,0.12684558183855932,3.7710233286970607,9.438573114271316,3.716141525171992
15.475263157894732,0.11424964388310467,3.762987209146346,11.392330350711948,4.303864617971254
15.475263157894732,0.14923119328572673,3.899373280506591,6.626593236119324,4.481729982339775
15.475263157894732,0.10110423215856282,3.688552344372554,13.621735067050217,5.007221578520678
15.475263157894732,0.11017275802461124,3.8633222616896927,11.912203681806318,3.0267946086522626
15.475263157894732,0.11868025615506561,3.6617190368036594,11.653346658610804,5.999352856244382
15.475263157894732,0.12395208957842173,3.7443185567685706,11.50099017822442,4.87216572806538
15.475263157894732,0.14361266626502117,3.7328216476614156,7.567212397683695,4.666873000913212
15.475263157894732,0.1460710238458694,3.9111491866938923,7.324985768795904,3.8342480154961707
15.475263157894732,0.13787288174123138,3.733803790111855,9.028962820075423,3.283262554101386
15.475263157894732,0.1318343817050281,3.7463417135052914,11.24821393014411,5.15572031383782
15.475263157894732,0.15174561221615313,3.7502102345184554,8.240231282938709,3.500296602224588
15.475263157894732,0.1552026358437179,3.6891470346730038,6.809461073043954,3.544060579027093
15.475263157894732,0.10068752100209817,3.6500306195108827,14.749387364614165,6.5187337995694
15.475263157894732,0.1507742997857161,3.7266991239342433,7.912211360442437,4.610944190536551
15.475263157894732,0.11098421201727357,3.8404112144452234,13.289694277887211,4.150754686143903
15.475263157894732,0.11283254916534773,3.710113987031,12.800339223054547,4.646864494935095
15.475263157894732,0.10430748947864571,3.6783876704932217,12.913607582397493,6.491383219271595
15.475263157894732,0.1436439655933591,3.8462141570385833,7.6237497860747805,5.462253024615974
15.475263157894732,0.1536264705183198,3.74943343096426,6.546879381641886,5.878588885505733
15.475263157894732,0.13111800348723085,3.8921107034391476,9.30927099196576,4.221226566584869
15.475263157894732,0.12303680281698146,3.8943262703918795,11.885212287312097,3.7386258104386614
15.475263157894732,0.177482164757665,3.947540768909456,5.151097284044428,5.4389077119112
15.475263157894732,0.13954898960628312,3.8089975325716203,7.7406604052995585,6.606379056870004
15.475263157894732,0.14277511272645094,3.8072597850806216,7.24802859674082,4.298323271421747
15.475263157894732,0.10939135420189935,3.7795895706331417,11.875147031398658,5.515784486039037
15.475263157894732,0.11224538975259758,3.827030693201978,12.916524989766,4.051976819891257
15.475263157894732,0.16124895808068135,3.8364381669357535,8.076547012349435,5.357808732990491
15.475263157894732,0.1088818425460939,3.8917117890580624,14.313149400770307,6.264414492380283
15.475263157894732,0.1372283396187281,3.8789006790950222,7.514306295879929,4.608259593720457
15.475263157894732,0.1528945303898927,3.942761108720986,5.702531914278418,5.539291167555193
15.475263157894732,0.12069178961218018,3.669739043151316,11.308958091575827,3.5950557860592594
15.475263157894732,0.1270769447089371,3.9077768926723255,11.168215823367731,5.780275107171855
15.475263157894732,0.10777376033353625,3.8497461521289744,14.034453136701341,4.727480229074519
15.475263157894732,0.15263035326869692,3.874128070960176,6.481054149915007,6.441604753976903
15.475263157894732,0.12684150173479086,3.841220255062711,9.649573263440804,4.980568589047984
15.475263157894732,0.15451936919691087,3.9105796632825234,6.730927797823419,5.465069940095679
15.475263157894732,0.15885717960363127,3.7834274798873526,7.209218784949906,4.340212791419998
